mysql> SELECT * FROM Account WHERE email = 'matt@matt.com';
+----+---------------+----------+---------------------+------------+
| id | email         | password | createdOn           | modifiedOn |
+----+---------------+----------+---------------------+------------+
|  1 | matt@matt.com | 123abc   | 2017-07-12 00:29:14 | NULL       |
+----+---------------+----------+---------------------+------------+
1 row in set (0.00 sec)

mysql> SELECT * FROM Entry WHERE firstName = 'Marcus';                                                                                            
+----+---------------+-----------+----------+---------------------+------+---------+-------------------+----------------+------------------+-----------------+-----------------+
| id | addressBookId | firstName | lastName | birthday            | type | subtype | contentLineOne    | contentLineTwo | contentLineThree | contentLineFour | contentLineFive |
+----+---------------+-----------+----------+---------------------+------+---------+-------------------+----------------+------------------+-----------------+-----------------+
|  2 |          2222 | Marcus    | Szabo    | 2013-03-14 00:00:00 | work | address | Info about Marcus | NULL           | NULL             | NULL            | NULL            |
+----+---------------+-----------+----------+---------------------+------+---------+-------------------+----------------+------------------+-----------------+-----------------+
1 row in set (0.00 sec)

mysql> SELECT * FROM AddressBook WHERE accountId  = '111';                                                                                  
+----+-----------+------+---------------------+------------+
| id | accountId | name | createdOn           | modifiedOn |
+----+-----------+------+---------------------+------------+
|  1 |       111 | Matt | 2017-07-12 00:31:17 | NULL       |
+----+-----------+------+---------------------+------------+
1 row in set (0.00 sec)